[
  [
    {
      "text": "[",
      "color": "dark_gray",
      "hoverEvent": {
        "action": "show_text",
        "contents": { "text": "關", "color": "red" }
      },
      "clickEvent": {
        "action": "run_command",
        "value": "/trigger mk.score.trigger set 1"
      }
    },
    { "text": "關", "color": "red" },
    { "text": "]", "color": "dark_gray" }
  ],
  [
    {
      "text": "[",
      "color": "dark_gray",
      "hoverEvent": {
        "action": "show_text",
        "contents": { "text": "幻燈片", "color": "gold" }
      },
      "clickEvent": {
        "action": "run_command",
        "value": "/trigger mk.score.trigger set 2"
      }
    },
    { "text": "幻燈片", "color": "gold" },
    { "text": "]", "color": "dark_gray" }
  ],
  [
    {
      "text": "[",
      "color": "dark_gray",
      "hoverEvent": {
        "action": "show_text",
        "contents": { "text": "總量", "color": "dark_aqua" }
      },
      "clickEvent": {
        "action": "run_command",
        "value": "/trigger mk.score.trigger set 3"
      }
    },
    { "text": "總量", "color": "dark_aqua" },
    { "text": "]", "color": "dark_gray" }
  ],
  [
    {
      "text": "[",
      "color": "dark_gray",
      "hoverEvent": {
        "action": "show_text",
        "contents": { "text": "活躍榜", "color": "aqua" }
      },
      "clickEvent": {
        "action": "run_command",
        "value": "/trigger mk.score.trigger set 4"
      }
    },
    { "text": "活躍榜", "color": "aqua" },
    { "text": "]", "color": "dark_gray" }
  ],
  [
    {
      "text": "[",
      "color": "dark_gray",
      "hoverEvent": {
        "action": "show_text",
        "contents": { "text": "飛天榜", "color": "light_purple" }
      },
      "clickEvent": {
        "action": "run_command",
        "value": "/trigger mk.score.trigger set 5"
      }
    },
    { "text": "飛天榜", "color": "light_purple" },
    { "text": "]", "color": "dark_gray" }
  ],
  [
    {
      "text": "[",
      "color": "dark_gray",
      "hoverEvent": {
        "action": "show_text",
        "contents": { "text": "MM榜", "color": "yellow" }
      },
      "clickEvent": {
        "action": "run_command",
        "value": "/trigger mk.score.trigger set 6"
      }
    },
    { "text": "MM榜", "color": "yellow" },
    { "text": "]", "color": "dark_gray" }
  ],
  [
    {
      "text": "[",
      "color": "dark_gray",
      "hoverEvent": {
        "action": "show_text",
        "contents": { "text": "死亡榜", "color": "dark_red" }
      },
      "clickEvent": {
        "action": "run_command",
        "value": "/trigger mk.score.trigger set 7"
      }
    },
    { "text": "死亡榜", "color": "dark_red" },
    { "text": "]", "color": "dark_gray" }
  ],
  [
    {
      "text": "[",
      "color": "dark_gray",
      "hoverEvent": {
        "action": "show_text",
        "contents": { "text": "挖掘榜", "color": "gray" }
      },
      "clickEvent": {
        "action": "run_command",
        "value": "/trigger mk.score.trigger set 8"
      }
    },
    { "text": "挖掘榜", "color": "gray" },
    { "text": "]", "color": "dark_gray" }
  ],
  [
    {
      "text": "[",
      "color": "dark_gray",
      "hoverEvent": {
        "action": "show_text",
        "contents": { "text": "釣魚榜", "color": "blue" }
      },
      "clickEvent": {
        "action": "run_command",
        "value": "/trigger mk.score.trigger set 9"
      }
    },
    { "text": "釣魚榜", "color": "blue" },
    { "text": "]", "color": "dark_gray" }
  ],
  [
    {
      "text": "[",
      "color": "dark_gray",
      "hoverEvent": {
        "action": "show_text",
        "contents": { "text": "擊殺榜", "color": "red" }
      },
      "clickEvent": {
        "action": "run_command",
        "value": "/trigger mk.score.trigger set 10"
      }
    },
    { "text": "擊殺榜", "color": "red" },
    { "text": "]", "color": "dark_gray" }
  ],
  [
    {
      "text": "[",
      "color": "dark_gray",
      "hoverEvent": {
        "action": "show_text",
        "contents": { "text": "交易榜", "color": "green" }
      },
      "clickEvent": {
        "action": "run_command",
        "value": "/trigger mk.score.trigger set 11"
      }
    },
    { "text": "交易榜", "color": "green" },
    { "text": "]", "color": "dark_gray" }
  ],
  [
    {
      "text": "[",
      "color": "dark_gray",
      "hoverEvent": {
        "action": "show_text",
        "contents": { "text": "放置榜", "color": "dark_green" }
      },
      "clickEvent": {
        "action": "run_command",
        "value": "/trigger mk.score.trigger set 12"
      }
    },
    { "text": "放置榜", "color": "dark_green" },
    { "text": "]", "color": "dark_gray" }
  ]
]
