{
  "parent": "mk:root",
  "criteria": {
    "unsit": {
      "trigger": "minecraft:tick",
      "conditions": {
        "player": [
          {
            "condition": "minecraft:entity_properties",
            "entity": "this",
            "predicate": {
              "nbt": "{Tags:[\"mk.siting\"]}"
            }
          },
          {
            "condition": "minecraft:inverted",
            "term": {
              "condition": "minecraft:entity_properties",
              "entity": "this",
              "predicate": {
                "nbt": "{RootVehicle:{}}"
              }
            }
          }
        ]
      }
    }
  },
  "rewards": {
    "function": "mk:sit/unsit"
  }
}
