{
  "parent": "mk:root",
  "criteria": {
    "on_click": {
      "trigger": "minecraft:tick",
      "conditions": {
        "player": [
          {
            "condition": "minecraft:reference",
            "name": "mk:is_real_player"
          },
          {
            "condition": "minecraft:entity_scores",
            "entity": "this",
            "scores": {
              "mk.score.trigger": {
                "min": 1
              }
            }
          }
        ]
      }
    }
  },
  "rewards": {
    "function": "mk:scoreboard/set_display"
  }
}
