{
  "parent": "mk.events:event",
  "criteria": {
    "on_aviate_one_meter": {
      "trigger": "minecraft:tick",
      "conditions": {
        "player": [
          {
            "condition": "minecraft:reference",
            "name": "mk:is_real_player"
          },
          {
            "condition": "minecraft:entity_scores",
            "entity": "this",
            "scores": {
              "mk.event.dead": {
                "min": 1
              }
            }
          }
        ]
      }
    }
  },
  "rewards": {
    "function": "mk.events:events/on_dead"
  }
}
