{
  "parent": "mk.events:event",
  "criteria": {
    "on_aviate_one_meter": {
      "trigger": "minecraft:tick",
      "conditions": {
        "player": [
          {
            "condition": "minecraft:entity_scores",
            "entity": "this",
            "scores": {
              "mk.event.flyDist": {
                "min": 200
              }
            }
          }
        ]
      }
    }
  },
  "rewards": {
    "function": "mk.events:events/on_fly_one_meter"
  }
}
