{
  "parent": "mk.events:event",
  "//1": "由於玩家傷害實體包含在 minecraft.used 中，添加以下事件移除",
  "criteria": {
    "on_hurt_from_tools": {
      "trigger": "minecraft:player_hurt_entity",
      "conditions": {
        "player": [
          {
            "condition": "minecraft:reference",
            "name": "mk:is_real_player"
          },
          {
            "condition": "minecraft:entity_properties",
            "entity": "this",
            "predicate": {
              "equipment": {
                "mainhand": {
                  "tag": "mk:tools"
                }
              }
            }
          }
        ]
      }
    }
  },
  "rewards": {
    "function": "mk.events:events/on_used_tool/on_hurt_from_tools"
  }
}
