{
  "parent": "mk.events:event",
  "criteria": {
    "on_login": {
      "trigger": "minecraft:tick",
      "conditions": {
        "player": [
          {
            "condition": "minecraft:inverted",
            "term": {
              "condition": "minecraft:entity_scores",
              "entity": "this",
              "scores": {
                "mk.event.leave": {
                  "max": 0
                }
              }
            }
          }
        ]
      }
    }
  },
  "rewards": {
    "function": "mk.events:events/on_join"
  }
}
