{
  "parent": "mk.events:event",
  "criteria": {
    "on_play_hour": {
      "trigger": "minecraft:tick",
      "conditions": {
        "player": [
          {
            "condition": "minecraft:entity_scores",
            "entity": "this",
            "scores": {
              "mk.event.active": {
                "//": "72000 = 60(s) * 60(m) * 20(tick)",
                "min": 72000
              }
            }
          }
        ]
      }
    }
  },
  "rewards": {
    "function": "mk.events:events/on_play_hour"
  }
}
