{
  "parent": "mk.events:event",
  "criteria": {
    "config_check_sneak": {
      "trigger": "minecraft:tick",
      "conditions": {
        "player": [
          {
            "condition": "minecraft:reference",
            "name": "mk:is_real_player"
          },
          {
            "condition": "minecraft:entity_properties",
            "entity": "this",
            "predicate": {
              "flags": {
                "is_sneaking": true
              }
            }
          }
        ]
      }
    }
  }
}
