{
  "parent": "mk.events:on_sneak",
  "criteria": {
    "on_unsneak": {
      "trigger": "minecraft:tick",
      "conditions": {
        "player": [
          {
            "condition": "minecraft:reference",
            "name": "mk:is_real_player"
          },
          {
            "condition": "minecraft:entity_properties",
            "entity": "this",
            "predicate": {
              "flags": {
                "is_sneaking": false
              },
              "//type_specific": "1.19+",
              "type_specific": {
                "type": "player",
                "advancements": {
                  "mk.events:on_sneak": true
                }
              },
              "//player": "1.16 ~ 1.18",
              "player": {
                "advancements": {
                  "mk.events:on_sneak": true
                }
              }
            }
          }
        ]
      }
    }
  },
  "rewards": {
    "function": "mk.events:events/on_unsneak"
  }
}
